record,geoid,st_fips,cnty_fips,tract_fips,name,pop,emp,unemp
1,49001100100,49,001,100100,"Census Tract 1001, Beaver County, UT","3,815","1,538",96
2,49001100200,49,001,100200,"Census Tract 1002, Beaver County, UT","2,564","1,433",55
3,49003960100,49,003,960100,"Census Tract 9601, Box Elder County, UT","3,185","1,310",35
4,49003960200,49,003,960200,"Census Tract 9602, Box Elder County, UT","7,307","3,459",122
5,49003960300,49,003,960300,"Census Tract 9603, Box Elder County, UT","8,250","3,571",173
6,49003960400,49,003,960400,"Census Tract 9604, Box Elder County, UT","5,212","2,410",63
7,49003960500,49,003,960500,"Census Tract 9605, Box Elder County, UT","5,474","2,546",50
8,49003960601,49,003,960601,"Census Tract 9606.01, Box Elder County, UT","3,855","1,489",88
9,49003960602,49,003,960602,"Census Tract 9606.02, Box Elder County, UT","2,407","1,198",34
10,49003960701,49,003,960701,"Census Tract 9607.01, Box Elder County, UT","4,755","2,407",106
11,49003960702,49,003,960702,"Census Tract 9607.02, Box Elder County, UT","2,490","1,222",57
12,49003960801,49,003,960801,"Census Tract 9608.01, Box Elder County, UT","4,335","2,302",90
13,49003960802,49,003,960802,"Census Tract 9608.02, Box Elder County, UT","4,518","2,173",27
14,49005000101,49,005,000101,"Census Tract 1.01, Cache County, UT","4,861","2,345",68
15,49005000102,49,005,000102,"Census Tract 1.02, Cache County, UT","1,673",829,22
16,49005000201,49,005,000201,"Census Tract 2.01, Cache County, UT","3,358","1,703",58
17,49005000202,49,005,000202,"Census Tract 2.02, Cache County, UT","7,422","3,517",96
18,49005000300,49,005,000300,"Census Tract 3, Cache County, UT","8,249","3,105",77
19,49005000401,49,005,000401,"Census Tract 4.01, Cache County, UT","3,669","1,840",73
20,49005000402,49,005,000402,"Census Tract 4.02, Cache County, UT","3,373","1,636",46
21,49005000403,49,005,000403,"Census Tract 4.03, Cache County, UT","6,270","3,112",60
22,49005000501,49,005,000501,"Census Tract 5.01, Cache County, UT","5,524","3,002",92
23,49005000502,49,005,000502,"Census Tract 5.02, Cache County, UT","5,717","3,853",52
24,49005000600,49,005,000600,"Census Tract 6, Cache County, UT","7,681","3,804",183
25,49005000701,49,005,000701,"Census Tract 7.01, Cache County, UT","4,965","2,449",83
26,49005000702,49,005,000702,"Census Tract 7.02, Cache County, UT","3,031","1,508",148
27,49005000800,49,005,000800,"Census Tract 8, Cache County, UT","5,276","3,512",111
28,49005000900,49,005,000900,"Census Tract 9, Cache County, UT","3,702","2,081",71
29,49005001001,49,005,001001,"Census Tract 10.01, Cache County, UT","3,085","1,484",45
30,49005001002,49,005,001002,"Census Tract 10.02, Cache County, UT","4,798","2,732",82
31,49005001101,49,005,001101,"Census Tract 11.01, Cache County, UT","5,896","2,653",44
32,49005001102,49,005,001102,"Census Tract 11.02, Cache County, UT","4,644","2,327",34
33,49005001201,49,005,001201,"Census Tract 12.01, Cache County, UT","5,063","2,459",46
34,49005001202,49,005,001202,"Census Tract 12.02, Cache County, UT","5,954","2,797",74
35,49005001300,49,005,001300,"Census Tract 13, Cache County, UT","6,842","3,079",56
36,49005001401,49,005,001401,"Census Tract 14.01, Cache County, UT","4,603","1,863",69
37,49005001402,49,005,001402,"Census Tract 14.02, Cache County, UT","4,018","1,891",40
38,49005001500,49,005,001500,"Census Tract 15, Cache County, UT","2,159","1,013",65
39,49005980100,49,005,980100,"Census Tract 9801, Cache County, UT",108,57,0
40,49007000100,49,007,000100,"Census Tract 1, Carbon County, UT","3,595","1,591",77
41,49007000200,49,007,000200,"Census Tract 2, Carbon County, UT","4,213","1,779",122
42,49007000300,49,007,000300,"Census Tract 3, Carbon County, UT","4,433","1,549",135
43,49007000500,49,007,000500,"Census Tract 5, Carbon County, UT","3,952","1,474",51
44,49007000600,49,007,000600,"Census Tract 6, Carbon County, UT","4,404","1,391",62
45,49009960100,49,009,960100,"Census Tract 9601, Daggett County, UT","1,061",420,19
46,49011125102,49,011,125102,"Census Tract 1251.02, Davis County, UT","4,494","2,402",76
47,49011125103,49,011,125103,"Census Tract 1251.03, Davis County, UT","4,730","2,485",87
48,49011125104,49,011,125104,"Census Tract 1251.04, Davis County, UT","6,254","2,999",150
49,49011125200,49,011,125200,"Census Tract 1252, Davis County, UT","3,803",713,51
50,49011125301,49,011,125301,"Census Tract 1253.01, Davis County, UT","5,531","2,629",156
51,49011125303,49,011,125303,"Census Tract 1253.03, Davis County, UT","11,204","5,494",178
52,49011125304,49,011,125304,"Census Tract 1253.04, Davis County, UT","5,108","2,948",116
53,49011125305,49,011,125305,"Census Tract 1253.05, Davis County, UT","6,828","3,938",136
54,49011125401,49,011,125401,"Census Tract 1254.01, Davis County, UT","12,561","5,949",27
55,49011125403,49,011,125403,"Census Tract 1254.03, Davis County, UT","12,119","5,740",153
56,49011125405,49,011,125405,"Census Tract 1254.05, Davis County, UT","10,456","4,796",126
57,49011125406,49,011,125406,"Census Tract 1254.06, Davis County, UT","8,028","3,795",121
58,49011125501,49,011,125501,"Census Tract 1255.01, Davis County, UT","6,267","2,867",73
59,49011125502,49,011,125502,"Census Tract 1255.02, Davis County, UT","6,218","3,040",97
60,49011125503,49,011,125503,"Census Tract 1255.03, Davis County, UT","5,081","2,551",101
61,49011125600,49,011,125600,"Census Tract 1256, Davis County, UT","1,364",113,0
62,49011125701,49,011,125701,"Census Tract 1257.01, Davis County, UT","3,936","1,580",44
63,49011125702,49,011,125702,"Census Tract 1257.02, Davis County, UT","4,232","1,832",151
64,49011125801,49,011,125801,"Census Tract 1258.01, Davis County, UT","7,475","3,578",125
65,49011125804,49,011,125804,"Census Tract 1258.04, Davis County, UT","7,028","3,629",141
66,49011125805,49,011,125805,"Census Tract 1258.05, Davis County, UT","6,586","3,286",70
67,49011125807,49,011,125807,"Census Tract 1258.07, Davis County, UT","3,267","1,688",60
68,49011125808,49,011,125808,"Census Tract 1258.08, Davis County, UT","6,003","3,644",220
69,49011125905,49,011,125905,"Census Tract 1259.05, Davis County, UT","6,992","3,144",184
70,49011125906,49,011,125906,"Census Tract 1259.06, Davis County, UT","7,619","3,416",44
71,49011125907,49,011,125907,"Census Tract 1259.07, Davis County, UT","2,339","1,062",30
72,49011125908,49,011,125908,"Census Tract 1259.08, Davis County, UT","5,431","2,540",94
73,49011126001,49,011,126001,"Census Tract 1260.01, Davis County, UT","5,214","2,625",144
74,49011126002,49,011,126002,"Census Tract 1260.02, Davis County, UT","5,430","2,948",47
75,49011126101,49,011,126101,"Census Tract 1261.01, Davis County, UT","7,167","2,720",45
76,49011126104,49,011,126104,"Census Tract 1261.04, Davis County, UT","11,811","5,630",126
77,49011126105,49,011,126105,"Census Tract 1261.05, Davis County, UT","7,721","3,664",150
78,49011126202,49,011,126202,"Census Tract 1262.02, Davis County, UT","9,470","5,212",80
79,49011126203,49,011,126203,"Census Tract 1262.03, Davis County, UT","4,404","2,445",55
80,49011126204,49,011,126204,"Census Tract 1262.04, Davis County, UT","4,787","2,617",80
81,49011126303,49,011,126303,"Census Tract 1263.03, Davis County, UT","4,991","2,260",17
82,49011126304,49,011,126304,"Census Tract 1263.04, Davis County, UT","6,805","3,206",42
83,49011126305,49,011,126305,"Census Tract 1263.05, Davis County, UT","2,364","1,034",48
84,49011126306,49,011,126306,"Census Tract 1263.06, Davis County, UT","7,421","3,858",90
85,49011126402,49,011,126402,"Census Tract 1264.02, Davis County, UT","3,560","1,543",72
86,49011126404,49,011,126404,"Census Tract 1264.04, Davis County, UT","6,628","3,458",48
87,49011126405,49,011,126405,"Census Tract 1264.05, Davis County, UT","4,304","1,834",48
88,49011126406,49,011,126406,"Census Tract 1264.06, Davis County, UT","4,507","2,213",78
89,49011126500,49,011,126500,"Census Tract 1265, Davis County, UT","7,052","3,015",88
90,49011126600,49,011,126600,"Census Tract 1266, Davis County, UT","5,814","2,432",61
91,49011126700,49,011,126700,"Census Tract 1267, Davis County, UT","4,310","2,184",66
92,49011126801,49,011,126801,"Census Tract 1268.01, Davis County, UT","3,516","1,379",25
93,49011126802,49,011,126802,"Census Tract 1268.02, Davis County, UT","5,330","1,979",48
94,49011126901,49,011,126901,"Census Tract 1269.01, Davis County, UT","6,324","3,170",91
95,49011126902,49,011,126902,"Census Tract 1269.02, Davis County, UT","6,655","3,495",140
96,49011127002,49,011,127002,"Census Tract 1270.02, Davis County, UT","7,222","4,210",272
97,49011127003,49,011,127003,"Census Tract 1270.03, Davis County, UT","5,664","3,912",84
98,49011127004,49,011,127004,"Census Tract 1270.04, Davis County, UT","8,817","4,595",120
99,49011127100,49,011,127100,"Census Tract 1271, Davis County, UT","7,943","3,741",103
100,49013940300,49,013,940300,"Census Tract 9403, Duchesne County, UT","4,120","1,477",243
101,49013940500,49,013,940500,"Census Tract 9405, Duchesne County, UT","8,736","3,367",205
102,49013940600,49,013,940600,"Census Tract 9406, Duchesne County, UT","7,831","2,488",142
103,49015976200,49,015,976200,"Census Tract 9762, Emery County, UT","3,904","1,456",78
104,49015976300,49,015,976300,"Census Tract 9763, Emery County, UT","3,027","1,253",83
105,49015976500,49,015,976500,"Census Tract 9765, Emery County, UT","3,354","1,304",75
106,49017000300,49,017,000300,"Census Tract 3, Garfield County, UT","2,324","1,146",112
107,49017000400,49,017,000400,"Census Tract 4, Garfield County, UT","2,757","1,504",115
108,49019000200,49,019,000200,"Census Tract 2, Grand County, UT","4,724","2,730",289
109,49019000300,49,019,000300,"Census Tract 3, Grand County, UT","5,162","2,756",46
110,49021110100,49,021,110100,"Census Tract 1101, Iron County, UT","3,972","1,765",98
111,49021110200,49,021,110200,"Census Tract 1102, Iron County, UT","8,124","3,323",250
112,49021110300,49,021,110300,"Census Tract 1103, Iron County, UT","3,611","1,491",35
113,49021110400,49,021,110400,"Census Tract 1104, Iron County, UT","5,110","2,139",203
114,49021110500,49,021,110500,"Census Tract 1105, Iron County, UT","9,795","4,600",154
115,49021110600,49,021,110600,"Census Tract 1106, Iron County, UT","6,366","3,137",68
116,49021110701,49,021,110701,"Census Tract 1107.01, Iron County, UT","7,043","3,065",120
117,49021110702,49,021,110702,"Census Tract 1107.02, Iron County, UT","4,469","1,942",26
118,49023010100,49,023,010100,"Census Tract 101, Juab County, UT","5,470","2,702",85
119,49023010200,49,023,010200,"Census Tract 102, Juab County, UT","4,727","2,352",89
120,49025130100,49,025,130100,"Census Tract 1301, Kane County, UT","2,373","1,062",21
121,49025130200,49,025,130200,"Census Tract 1302, Kane County, UT","4,995","2,486",103
122,49027974100,49,027,974100,"Census Tract 9741, Millard County, UT","4,961","2,453",78
123,49027974200,49,027,974200,"Census Tract 9742, Millard County, UT","3,008","1,393",39
124,49027974300,49,027,974300,"Census Tract 9743, Millard County, UT","4,599","2,393",99
125,49029970100,49,029,970100,"Census Tract 9701, Morgan County, UT","9,244","4,532",137
126,49029970200,49,029,970200,"Census Tract 9702, Morgan County, UT","1,623",643,6
127,49031960100,49,031,960100,"Census Tract 9601, Piute County, UT","1,591",437,25
128,49033950100,49,033,950100,"Census Tract 9501, Rich County, UT","2,331","1,045",39
129,49035100100,49,035,100100,"Census Tract 1001, Salt Lake County, UT","1,707",974,20
130,49035100200,49,035,100200,"Census Tract 1002, Salt Lake County, UT","1,446",869,34
131,49035100306,49,035,100306,"Census Tract 1003.06, Salt Lake County, UT","5,500","2,624",115
132,49035100307,49,035,100307,"Census Tract 1003.07, Salt Lake County, UT","5,542","2,389",112
133,49035100308,49,035,100308,"Census Tract 1003.08, Salt Lake County, UT","4,492","1,885",51
134,49035100500,49,035,100500,"Census Tract 1005, Salt Lake County, UT","6,873","3,191",184
135,49035100600,49,035,100600,"Census Tract 1006, Salt Lake County, UT","6,747","4,204",282
136,49035100700,49,035,100700,"Census Tract 1007, Salt Lake County, UT","2,974","1,959",112
137,49035100800,49,035,100800,"Census Tract 1008, Salt Lake County, UT","2,609","1,418",44
138,49035101000,49,035,101000,"Census Tract 1010, Salt Lake County, UT","3,229","1,981",54
139,49035101101,49,035,101101,"Census Tract 1011.01, Salt Lake County, UT","2,038","1,559",25
140,49035101102,49,035,101102,"Census Tract 1011.02, Salt Lake County, UT","3,800","2,515",57
141,49035101200,49,035,101200,"Census Tract 1012, Salt Lake County, UT","3,962","3,193",61
142,49035101400,49,035,101400,"Census Tract 1014, Salt Lake County, UT","5,166","2,180",123
143,49035101500,49,035,101500,"Census Tract 1015, Salt Lake County, UT","3,582","2,245",52
144,49035101600,49,035,101600,"Census Tract 1016, Salt Lake County, UT","3,768","3,032",67
145,49035101700,49,035,101700,"Census Tract 1017, Salt Lake County, UT","3,668","2,739",48
146,49035101800,49,035,101800,"Census Tract 1018, Salt Lake County, UT","3,459","2,551",108
147,49035101900,49,035,101900,"Census Tract 1019, Salt Lake County, UT","2,576","1,530",88
148,49035102000,49,035,102000,"Census Tract 1020, Salt Lake County, UT","2,694","1,718",93
149,49035102100,49,035,102100,"Census Tract 1021, Salt Lake County, UT","1,498","1,014",79
150,49035102300,49,035,102300,"Census Tract 1023, Salt Lake County, UT","2,922","1,552",66
151,49035102500,49,035,102500,"Census Tract 1025, Salt Lake County, UT","3,817","2,216",131
152,49035102600,49,035,102600,"Census Tract 1026, Salt Lake County, UT","4,580","1,861",169
153,49035102701,49,035,102701,"Census Tract 1027.01, Salt Lake County, UT","5,612","2,551",83
154,49035102702,49,035,102702,"Census Tract 1027.02, Salt Lake County, UT","3,931","1,579",158
155,49035102801,49,035,102801,"Census Tract 1028.01, Salt Lake County, UT","6,377","2,913",228
156,49035102802,49,035,102802,"Census Tract 1028.02, Salt Lake County, UT","5,212","2,217",146
157,49035102900,49,035,102900,"Census Tract 1029, Salt Lake County, UT","4,775","1,666",233
158,49035103000,49,035,103000,"Census Tract 1030, Salt Lake County, UT","3,296","1,844",36
159,49035103100,49,035,103100,"Census Tract 1031, Salt Lake County, UT","4,549","2,658",152
160,49035103200,49,035,103200,"Census Tract 1032, Salt Lake County, UT","4,845","2,721",48
161,49035103300,49,035,103300,"Census Tract 1033, Salt Lake County, UT","4,780","2,935",113
162,49035103400,49,035,103400,"Census Tract 1034, Salt Lake County, UT","4,522","2,738",27
163,49035103500,49,035,103500,"Census Tract 1035, Salt Lake County, UT","4,265","2,759",78
164,49035103600,49,035,103600,"Census Tract 1036, Salt Lake County, UT","2,956","1,453",26
165,49035103700,49,035,103700,"Census Tract 1037, Salt Lake County, UT","2,876","1,742",5
166,49035103800,49,035,103800,"Census Tract 1038, Salt Lake County, UT","2,456","1,530",46
167,49035103900,49,035,103900,"Census Tract 1039, Salt Lake County, UT","4,139","2,452",63
168,49035104000,49,035,104000,"Census Tract 1040, Salt Lake County, UT","3,452","1,934",37
169,49035104100,49,035,104100,"Census Tract 1041, Salt Lake County, UT","3,093","1,361",21
170,49035104200,49,035,104200,"Census Tract 1042, Salt Lake County, UT","6,831","3,467",84
171,49035104300,49,035,104300,"Census Tract 1043, Salt Lake County, UT","3,079","1,951",23
172,49035104400,49,035,104400,"Census Tract 1044, Salt Lake County, UT","2,130",903,18
173,49035104700,49,035,104700,"Census Tract 1047, Salt Lake County, UT","5,369","3,391",50
174,49035104800,49,035,104800,"Census Tract 1048, Salt Lake County, UT","5,346","3,271",36
175,49035104900,49,035,104900,"Census Tract 1049, Salt Lake County, UT","3,546","2,318",87
176,49035110102,49,035,110102,"Census Tract 1101.02, Salt Lake County, UT","4,571","2,575",38
177,49035110103,49,035,110103,"Census Tract 1101.03, Salt Lake County, UT","3,720","2,259",13
178,49035110104,49,035,110104,"Census Tract 1101.04, Salt Lake County, UT","5,687","2,801",29
179,49035110200,49,035,110200,"Census Tract 1102, Salt Lake County, UT","5,510","3,558",47
180,49035110300,49,035,110300,"Census Tract 1103, Salt Lake County, UT","5,795","3,406",56
181,49035110401,49,035,110401,"Census Tract 1104.01, Salt Lake County, UT","3,847","1,687",59
182,49035110402,49,035,110402,"Census Tract 1104.02, Salt Lake County, UT","3,992","2,152",10
183,49035110500,49,035,110500,"Census Tract 1105, Salt Lake County, UT","6,944","3,082",88
184,49035110600,49,035,110600,"Census Tract 1106, Salt Lake County, UT","5,757","3,104",52
185,49035110701,49,035,110701,"Census Tract 1107.01, Salt Lake County, UT","3,842","2,522",29
186,49035110702,49,035,110702,"Census Tract 1107.02, Salt Lake County, UT","5,201","2,679",66
187,49035110800,49,035,110800,"Census Tract 1108, Salt Lake County, UT","5,966","2,923",59
188,49035110900,49,035,110900,"Census Tract 1109, Salt Lake County, UT","4,670","2,454",21
189,49035111001,49,035,111001,"Census Tract 1110.01, Salt Lake County, UT","4,877","2,575",69
190,49035111002,49,035,111002,"Census Tract 1110.02, Salt Lake County, UT","6,329","3,234",47
191,49035111101,49,035,111101,"Census Tract 1111.01, Salt Lake County, UT","6,662","3,892",49
192,49035111102,49,035,111102,"Census Tract 1111.02, Salt Lake County, UT","6,724","3,637",88
193,49035111103,49,035,111103,"Census Tract 1111.03, Salt Lake County, UT","6,121","2,719",31
194,49035111201,49,035,111201,"Census Tract 1112.01, Salt Lake County, UT","3,051","2,037",30
195,49035111202,49,035,111202,"Census Tract 1112.02, Salt Lake County, UT","5,261","3,027",111
196,49035111302,49,035,111302,"Census Tract 1113.02, Salt Lake County, UT","6,406","3,662",85
197,49035111304,49,035,111304,"Census Tract 1113.04, Salt Lake County, UT","3,765","2,205",36
198,49035111305,49,035,111305,"Census Tract 1113.05, Salt Lake County, UT","4,321","2,205",76
199,49035111306,49,035,111306,"Census Tract 1113.06, Salt Lake County, UT","2,753","1,571",47
200,49035111400,49,035,111400,"Census Tract 1114, Salt Lake County, UT","6,805","3,533",172
201,49035111500,49,035,111500,"Census Tract 1115, Salt Lake County, UT","1,989","1,089",32
202,49035111600,49,035,111600,"Census Tract 1116, Salt Lake County, UT","8,005","3,380",100
203,49035111701,49,035,111701,"Census Tract 1117.01, Salt Lake County, UT","5,569","3,682",69
204,49035111702,49,035,111702,"Census Tract 1117.02, Salt Lake County, UT","4,495","2,689",102
205,49035111801,49,035,111801,"Census Tract 1118.01, Salt Lake County, UT","5,512","3,297",86
206,49035111802,49,035,111802,"Census Tract 1118.02, Salt Lake County, UT","2,719","1,354",67
207,49035111903,49,035,111903,"Census Tract 1119.03, Salt Lake County, UT","4,234","2,765",62
208,49035111904,49,035,111904,"Census Tract 1119.04, Salt Lake County, UT","3,716","2,220",63
209,49035111905,49,035,111905,"Census Tract 1119.05, Salt Lake County, UT","3,739","2,171",18
210,49035111906,49,035,111906,"Census Tract 1119.06, Salt Lake County, UT","4,548","2,735",100
211,49035112001,49,035,112001,"Census Tract 1120.01, Salt Lake County, UT","3,638","2,087",61
212,49035112002,49,035,112002,"Census Tract 1120.02, Salt Lake County, UT","4,619","2,650",183
213,49035112100,49,035,112100,"Census Tract 1121, Salt Lake County, UT","7,978","5,356",100
214,49035112201,49,035,112201,"Census Tract 1122.01, Salt Lake County, UT","5,417","2,986",150
215,49035112202,49,035,112202,"Census Tract 1122.02, Salt Lake County, UT","4,133","2,329",86
216,49035112301,49,035,112301,"Census Tract 1123.01, Salt Lake County, UT","4,004","2,388",62
217,49035112302,49,035,112302,"Census Tract 1123.02, Salt Lake County, UT","3,673","2,168",110
218,49035112402,49,035,112402,"Census Tract 1124.02, Salt Lake County, UT","6,995","3,381",95
219,49035112403,49,035,112403,"Census Tract 1124.03, Salt Lake County, UT","5,008","4,012",133
220,49035112404,49,035,112404,"Census Tract 1124.04, Salt Lake County, UT","4,220","2,664",169
221,49035112501,49,035,112501,"Census Tract 1125.01, Salt Lake County, UT","3,930","2,253",93
222,49035112502,49,035,112502,"Census Tract 1125.02, Salt Lake County, UT","6,911","4,380",119
223,49035112503,49,035,112503,"Census Tract 1125.03, Salt Lake County, UT","4,846","2,375",55
224,49035112604,49,035,112604,"Census Tract 1126.04, Salt Lake County, UT","5,221","2,827",73
225,49035112605,49,035,112605,"Census Tract 1126.05, Salt Lake County, UT","7,197","4,889",121
226,49035112608,49,035,112608,"Census Tract 1126.08, Salt Lake County, UT","5,681","2,676",40
227,49035112609,49,035,112609,"Census Tract 1126.09, Salt Lake County, UT","6,038","2,997",33
228,49035112610,49,035,112610,"Census Tract 1126.10, Salt Lake County, UT","4,500","2,610",68
229,49035112611,49,035,112611,"Census Tract 1126.11, Salt Lake County, UT","7,166","3,852",65
230,49035112612,49,035,112612,"Census Tract 1126.12, Salt Lake County, UT","4,577","2,407",67
231,49035112613,49,035,112613,"Census Tract 1126.13, Salt Lake County, UT","5,227","2,700",80
232,49035112614,49,035,112614,"Census Tract 1126.14, Salt Lake County, UT","3,596","1,660",33
233,49035112615,49,035,112615,"Census Tract 1126.15, Salt Lake County, UT","2,474","1,284",48
234,49035112616,49,035,112616,"Census Tract 1126.16, Salt Lake County, UT","4,701","2,255",108
235,49035112617,49,035,112617,"Census Tract 1126.17, Salt Lake County, UT","3,978","2,291",46
236,49035112618,49,035,112618,"Census Tract 1126.18, Salt Lake County, UT","3,552","1,842",73
237,49035112619,49,035,112619,"Census Tract 1126.19, Salt Lake County, UT","3,439","1,706",43
238,49035112700,49,035,112700,"Census Tract 1127, Salt Lake County, UT","5,222","3,319",136
239,49035112804,49,035,112804,"Census Tract 1128.04, Salt Lake County, UT","5,930","3,102",38
240,49035112805,49,035,112805,"Census Tract 1128.05, Salt Lake County, UT","5,665","2,999",80
241,49035112810,49,035,112810,"Census Tract 1128.10, Salt Lake County, UT","7,326","4,229",179
242,49035112812,49,035,112812,"Census Tract 1128.12, Salt Lake County, UT","5,881","3,264",117
243,49035112813,49,035,112813,"Census Tract 1128.13, Salt Lake County, UT","6,014","3,338",96
244,49035112814,49,035,112814,"Census Tract 1128.14, Salt Lake County, UT","4,799","2,468",42
245,49035112815,49,035,112815,"Census Tract 1128.15, Salt Lake County, UT","5,351","2,867",84
246,49035112816,49,035,112816,"Census Tract 1128.16, Salt Lake County, UT","5,326","2,647",105
247,49035112817,49,035,112817,"Census Tract 1128.17, Salt Lake County, UT","7,149","4,438",50
248,49035112818,49,035,112818,"Census Tract 1128.18, Salt Lake County, UT","4,309",0,0
249,49035112819,49,035,112819,"Census Tract 1128.19, Salt Lake County, UT","7,818","3,922",74
250,49035112820,49,035,112820,"Census Tract 1128.20, Salt Lake County, UT","7,974","4,442",122
251,49035112821,49,035,112821,"Census Tract 1128.21, Salt Lake County, UT","7,023","3,413",82
252,49035112822,49,035,112822,"Census Tract 1128.22, Salt Lake County, UT","5,310","2,266",39
253,49035112823,49,035,112823,"Census Tract 1128.23, Salt Lake County, UT","4,710","2,623",57
254,49035112904,49,035,112904,"Census Tract 1129.04, Salt Lake County, UT","7,456","3,678",108
255,49035112905,49,035,112905,"Census Tract 1129.05, Salt Lake County, UT","5,685","2,887",136
256,49035112907,49,035,112907,"Census Tract 1129.07, Salt Lake County, UT","5,222","2,106",156
257,49035112912,49,035,112912,"Census Tract 1129.12, Salt Lake County, UT","2,893","1,760",74
258,49035112913,49,035,112913,"Census Tract 1129.13, Salt Lake County, UT","5,777","2,863",100
259,49035112914,49,035,112914,"Census Tract 1129.14, Salt Lake County, UT","6,765","4,118",130
260,49035112916,49,035,112916,"Census Tract 1129.16, Salt Lake County, UT","5,068","2,714",71
261,49035112917,49,035,112917,"Census Tract 1129.17, Salt Lake County, UT","4,273","2,475",63
262,49035112918,49,035,112918,"Census Tract 1129.18, Salt Lake County, UT","5,729","3,269",124
263,49035112920,49,035,112920,"Census Tract 1129.20, Salt Lake County, UT","4,685","2,388",67
264,49035112921,49,035,112921,"Census Tract 1129.21, Salt Lake County, UT","3,799","2,094",83
265,49035113007,49,035,113007,"Census Tract 1130.07, Salt Lake County, UT","5,415","2,831",206
266,49035113008,49,035,113008,"Census Tract 1130.08, Salt Lake County, UT","6,943","3,421",76
267,49035113010,49,035,113010,"Census Tract 1130.10, Salt Lake County, UT","6,922","3,748",64
268,49035113011,49,035,113011,"Census Tract 1130.11, Salt Lake County, UT","6,060","3,194",57
269,49035113012,49,035,113012,"Census Tract 1130.12, Salt Lake County, UT","5,394","2,568",86
270,49035113013,49,035,113013,"Census Tract 1130.13, Salt Lake County, UT","5,155","3,002",58
271,49035113014,49,035,113014,"Census Tract 1130.14, Salt Lake County, UT","4,390","2,647",61
272,49035113016,49,035,113016,"Census Tract 1130.16, Salt Lake County, UT","6,755","3,656",63
273,49035113017,49,035,113017,"Census Tract 1130.17, Salt Lake County, UT","6,978","3,698",78
274,49035113019,49,035,113019,"Census Tract 1130.19, Salt Lake County, UT","6,291","4,262",43
275,49035113020,49,035,113020,"Census Tract 1130.20, Salt Lake County, UT","12,138","8,271",68
276,49035113101,49,035,113101,"Census Tract 1131.01, Salt Lake County, UT","7,878","4,122",162
277,49035113102,49,035,113102,"Census Tract 1131.02, Salt Lake County, UT","4,229","2,169",127
278,49035113105,49,035,113105,"Census Tract 1131.05, Salt Lake County, UT","4,635","2,439",33
279,49035113107,49,035,113107,"Census Tract 1131.07, Salt Lake County, UT","24,336","12,236",325
280,49035113108,49,035,113108,"Census Tract 1131.08, Salt Lake County, UT","4,575","2,206",26
281,49035113305,49,035,113305,"Census Tract 1133.05, Salt Lake County, UT","8,603","4,406",284
282,49035113306,49,035,113306,"Census Tract 1133.06, Salt Lake County, UT","6,348","3,475",143
283,49035113307,49,035,113307,"Census Tract 1133.07, Salt Lake County, UT","7,295","4,124",141
284,49035113308,49,035,113308,"Census Tract 1133.08, Salt Lake County, UT","5,538","2,829",128
285,49035113309,49,035,113309,"Census Tract 1133.09, Salt Lake County, UT","5,418","2,655",95
286,49035113310,49,035,113310,"Census Tract 1133.10, Salt Lake County, UT","3,214","1,128",57
287,49035113406,49,035,113406,"Census Tract 1134.06, Salt Lake County, UT","7,049","3,212",163
288,49035113407,49,035,113407,"Census Tract 1134.07, Salt Lake County, UT","12,098","5,565",203
289,49035113408,49,035,113408,"Census Tract 1134.08, Salt Lake County, UT","7,112","3,129",272
290,49035113409,49,035,113409,"Census Tract 1134.09, Salt Lake County, UT","5,977","3,285",112
291,49035113410,49,035,113410,"Census Tract 1134.10, Salt Lake County, UT","7,324","3,167",98
292,49035113411,49,035,113411,"Census Tract 1134.11, Salt Lake County, UT","2,945","1,514",52
293,49035113412,49,035,113412,"Census Tract 1134.12, Salt Lake County, UT","3,101","1,661",58
294,49035113413,49,035,113413,"Census Tract 1134.13, Salt Lake County, UT","6,159","3,258",142
295,49035113505,49,035,113505,"Census Tract 1135.05, Salt Lake County, UT","7,103","3,812",256
296,49035113509,49,035,113509,"Census Tract 1135.09, Salt Lake County, UT","6,805","3,805",110
297,49035113510,49,035,113510,"Census Tract 1135.10, Salt Lake County, UT","3,472","1,828",47
298,49035113511,49,035,113511,"Census Tract 1135.11, Salt Lake County, UT","4,017","2,063",67
299,49035113512,49,035,113512,"Census Tract 1135.12, Salt Lake County, UT","3,875","2,272",36
300,49035113513,49,035,113513,"Census Tract 1135.13, Salt Lake County, UT","5,902","3,670",77
301,49035113514,49,035,113514,"Census Tract 1135.14, Salt Lake County, UT","6,193","3,401",209
302,49035113515,49,035,113515,"Census Tract 1135.15, Salt Lake County, UT","5,984","3,432",56
303,49035113520,49,035,113520,"Census Tract 1135.20, Salt Lake County, UT","4,147","2,373",191
304,49035113521,49,035,113521,"Census Tract 1135.21, Salt Lake County, UT","7,113","3,473",143
305,49035113522,49,035,113522,"Census Tract 1135.22, Salt Lake County, UT","3,672","2,176",55
306,49035113523,49,035,113523,"Census Tract 1135.23, Salt Lake County, UT","6,727","3,829",111
307,49035113525,49,035,113525,"Census Tract 1135.25, Salt Lake County, UT","7,631","4,579",103
308,49035113526,49,035,113526,"Census Tract 1135.26, Salt Lake County, UT","5,855","3,029",70
309,49035113527,49,035,113527,"Census Tract 1135.27, Salt Lake County, UT","4,680","2,348",50
310,49035113528,49,035,113528,"Census Tract 1135.28, Salt Lake County, UT","5,767","2,994",133
311,49035113532,49,035,113532,"Census Tract 1135.32, Salt Lake County, UT","3,439","1,999",62
312,49035113533,49,035,113533,"Census Tract 1135.33, Salt Lake County, UT","5,250","2,403",115
313,49035113534,49,035,113534,"Census Tract 1135.34, Salt Lake County, UT","8,199","4,016",78
314,49035113535,49,035,113535,"Census Tract 1135.35, Salt Lake County, UT","7,399","4,107",63
315,49035113536,49,035,113536,"Census Tract 1135.36, Salt Lake County, UT","4,565","2,110",90
316,49035113537,49,035,113537,"Census Tract 1135.37, Salt Lake County, UT","3,793","2,027",73
317,49035113538,49,035,113538,"Census Tract 1135.38, Salt Lake County, UT","3,571","1,905",38
318,49035113539,49,035,113539,"Census Tract 1135.39, Salt Lake County, UT","5,066","2,488",99
319,49035113600,49,035,113600,"Census Tract 1136, Salt Lake County, UT","5,857","2,902",174
320,49035113701,49,035,113701,"Census Tract 1137.01, Salt Lake County, UT","4,226","2,538",59
321,49035113702,49,035,113702,"Census Tract 1137.02, Salt Lake County, UT","2,968","1,618",60
322,49035113801,49,035,113801,"Census Tract 1138.01, Salt Lake County, UT","6,150","2,790",165
323,49035113802,49,035,113802,"Census Tract 1138.02, Salt Lake County, UT","4,319","1,930",91
324,49035113803,49,035,113803,"Census Tract 1138.03, Salt Lake County, UT","9,063","5,638",126
325,49035113903,49,035,113903,"Census Tract 1139.03, Salt Lake County, UT","5,380","2,619",110
326,49035113904,49,035,113904,"Census Tract 1139.04, Salt Lake County, UT","6,168","2,684",129
327,49035113905,49,035,113905,"Census Tract 1139.05, Salt Lake County, UT","8,118","4,286",106
328,49035113906,49,035,113906,"Census Tract 1139.06, Salt Lake County, UT","4,081","2,060",153
329,49035113907,49,035,113907,"Census Tract 1139.07, Salt Lake County, UT","7,063","3,971",133
330,49035114000,49,035,114000,"Census Tract 1140, Salt Lake County, UT","1,641","1,391",39
331,49035114100,49,035,114100,"Census Tract 1141, Salt Lake County, UT","2,467","1,568",46
332,49035114200,49,035,114200,"Census Tract 1142, Salt Lake County, UT","4,742","2,622",46
333,49035114300,49,035,114300,"Census Tract 1143, Salt Lake County, UT","17,241","9,833",312
334,49035114500,49,035,114500,"Census Tract 1145, Salt Lake County, UT","6,596","3,434",180
335,49035114600,49,035,114600,"Census Tract 1146, Salt Lake County, UT","7,857","4,324",88
336,49035114700,49,035,114700,"Census Tract 1147, Salt Lake County, UT","5,084","2,798",39
337,49035114800,49,035,114800,"Census Tract 1148, Salt Lake County, UT","3,973","2,055",23
338,49035115106,49,035,115106,"Census Tract 1151.06, Salt Lake County, UT","8,072","3,905",95
339,49035115209,49,035,115209,"Census Tract 1152.09, Salt Lake County, UT","6,846","3,707",165
340,49035980000,49,035,980000,"Census Tract 9800, Salt Lake County, UT",0,0,0
341,49037942000,49,037,942000,"Census Tract 9420, San Juan County, UT","4,154",852,138
342,49037942100,49,037,942100,"Census Tract 9421, San Juan County, UT","2,391",887,118
343,49037978100,49,037,978100,"Census Tract 9781, San Juan County, UT","4,212","1,392",55
344,49037978200,49,037,978200,"Census Tract 9782, San Juan County, UT","5,475","2,248",109
345,49039972100,49,039,972100,"Census Tract 9721, Sanpete County, UT","8,137","3,231",134
346,49039972200,49,039,972200,"Census Tract 9722, Sanpete County, UT","3,996","1,689",25
347,49039972300,49,039,972300,"Census Tract 9723, Sanpete County, UT","5,488","1,675",41
348,49039972400,49,039,972400,"Census Tract 9724, Sanpete County, UT","6,797","2,859",221
349,49039972500,49,039,972500,"Census Tract 9725, Sanpete County, UT","4,792","1,859",42
350,49041975100,49,041,975100,"Census Tract 9751, Sevier County, UT","4,532","2,257",70
351,49041975200,49,041,975200,"Census Tract 9752, Sevier County, UT","2,782","1,371",36
352,49041975300,49,041,975300,"Census Tract 9753, Sevier County, UT","4,917","2,254",115
353,49041975400,49,041,975400,"Census Tract 9754, Sevier County, UT","3,607","1,320",82
354,49041975500,49,041,975500,"Census Tract 9755, Sevier County, UT","5,171","2,266",96
355,49043964101,49,043,964101,"Census Tract 9641.01, Summit County, UT","2,284","1,162",28
356,49043964102,49,043,964102,"Census Tract 9641.02, Summit County, UT","2,956","2,036",131
357,49043964201,49,043,964201,"Census Tract 9642.01, Summit County, UT","4,006","2,033",70
358,49043964202,49,043,964202,"Census Tract 9642.02, Summit County, UT","3,176","1,697",71
359,49043964203,49,043,964203,"Census Tract 9642.03, Summit County, UT",117,68,19
360,49043964303,49,043,964303,"Census Tract 9643.03, Summit County, UT","3,240","1,703",118
361,49043964304,49,043,964304,"Census Tract 9643.04, Summit County, UT","5,062","3,338",38
362,49043964305,49,043,964305,"Census Tract 9643.05, Summit County, UT","1,676","1,796",109
363,49043964306,49,043,964306,"Census Tract 9643.06, Summit County, UT","2,695","1,796",27
364,49043964307,49,043,964307,"Census Tract 9643.07, Summit County, UT","5,602","2,892",43
365,49043964308,49,043,964308,"Census Tract 9643.08, Summit County, UT","3,116","1,646",8
366,49043964401,49,043,964401,"Census Tract 9644.01, Summit County, UT","1,479","1,135",39
367,49043964402,49,043,964402,"Census Tract 9644.02, Summit County, UT","3,933","2,405",38
368,49045130600,49,045,130600,"Census Tract 1306, Tooele County, UT","2,704","1,241",37
369,49045130701,49,045,130701,"Census Tract 1307.01, Tooele County, UT","3,513","1,818",48
370,49045130702,49,045,130702,"Census Tract 1307.02, Tooele County, UT","15,039","8,035",236
371,49045130703,49,045,130703,"Census Tract 1307.03, Tooele County, UT","7,460","3,598",76
372,49045130800,49,045,130800,"Census Tract 1308, Tooele County, UT","5,738","2,414",128
373,49045130900,49,045,130900,"Census Tract 1309, Tooele County, UT","4,866","2,113",61
374,49045131001,49,045,131001,"Census Tract 1310.01, Tooele County, UT","2,818","1,514",72
375,49045131002,49,045,131002,"Census Tract 1310.02, Tooele County, UT","8,586","4,091",190
376,49045131100,49,045,131100,"Census Tract 1311, Tooele County, UT","7,987","4,053",205
377,49045131200,49,045,131200,"Census Tract 1312, Tooele County, UT","3,515","1,393",75
378,49045980000,49,045,980000,"Census Tract 9800, Tooele County, UT",0,0,0
379,49047940201,49,047,940201,"Census Tract 9402.01, Uintah County, UT","6,779","1,679",146
380,49047968200,49,047,968200,"Census Tract 9682, Uintah County, UT","8,414","3,020",263
381,49047968301,49,047,968301,"Census Tract 9683.01, Uintah County, UT","6,105","2,306",115
382,49047968302,49,047,968302,"Census Tract 9683.02, Uintah County, UT","5,483","1,720",108
383,49047968401,49,047,968401,"Census Tract 9684.01, Uintah County, UT","4,414","1,546",342
384,49047968402,49,047,968402,"Census Tract 9684.02, Uintah County, UT","6,416","2,432",74
385,49049000102,49,049,000102,"Census Tract 1.02, Utah County, UT","5,060","2,276",63
386,49049000103,49,049,000103,"Census Tract 1.03, Utah County, UT","4,274","1,923",75
387,49049000104,49,049,000104,"Census Tract 1.04, Utah County, UT","3,547","1,495",32
388,49049000105,49,049,000105,"Census Tract 1.05, Utah County, UT","4,652","1,739",82
389,49049000203,49,049,000203,"Census Tract 2.03, Utah County, UT","4,959","2,179",101
390,49049000204,49,049,000204,"Census Tract 2.04, Utah County, UT","6,408","2,964",78
391,49049000205,49,049,000205,"Census Tract 2.05, Utah County, UT","4,104","1,787",54
392,49049000206,49,049,000206,"Census Tract 2.06, Utah County, UT","3,907","1,699",46
393,49049000400,49,049,000400,"Census Tract 4, Utah County, UT","4,056","1,871",100
394,49049000504,49,049,000504,"Census Tract 5.04, Utah County, UT","4,426","2,163",54
395,49049000505,49,049,000505,"Census Tract 5.05, Utah County, UT","3,341","1,834",97
396,49049000506,49,049,000506,"Census Tract 5.06, Utah County, UT","4,049","2,137",77
397,49049000507,49,049,000507,"Census Tract 5.07, Utah County, UT","2,398","1,109",25
398,49049000508,49,049,000508,"Census Tract 5.08, Utah County, UT","5,809","2,631",73
399,49049000509,49,049,000509,"Census Tract 5.09, Utah County, UT","7,205","3,270",65
400,49049000601,49,049,000601,"Census Tract 6.01, Utah County, UT","3,458","1,496",36
401,49049000603,49,049,000603,"Census Tract 6.03, Utah County, UT","4,623","2,105",54
402,49049000604,49,049,000604,"Census Tract 6.04, Utah County, UT","3,343","1,658",42
403,49049000703,49,049,000703,"Census Tract 7.03, Utah County, UT","6,065","2,792",120
404,49049000706,49,049,000706,"Census Tract 7.06, Utah County, UT","6,376","3,358",72
405,49049000707,49,049,000707,"Census Tract 7.07, Utah County, UT","3,864","1,982",57
406,49049000708,49,049,000708,"Census Tract 7.08, Utah County, UT","3,298","1,545",52
407,49049000709,49,049,000709,"Census Tract 7.09, Utah County, UT","3,196","1,442",32
408,49049000710,49,049,000710,"Census Tract 7.10, Utah County, UT","3,368","1,374",52
409,49049000711,49,049,000711,"Census Tract 7.11, Utah County, UT","2,647","1,022",15
410,49049000801,49,049,000801,"Census Tract 8.01, Utah County, UT","6,227","2,868",107
411,49049000802,49,049,000802,"Census Tract 8.02, Utah County, UT","5,899","2,617",145
412,49049000901,49,049,000901,"Census Tract 9.01, Utah County, UT","6,482","2,669",93
413,49049000903,49,049,000903,"Census Tract 9.03, Utah County, UT","4,024","1,782",36
414,49049000904,49,049,000904,"Census Tract 9.04, Utah County, UT","3,407","1,499",29
415,49049001001,49,049,001001,"Census Tract 10.01, Utah County, UT","4,244","1,747",58
416,49049001002,49,049,001002,"Census Tract 10.02, Utah County, UT","2,875",973,65
417,49049001103,49,049,001103,"Census Tract 11.03, Utah County, UT","2,865","1,225",70
418,49049001105,49,049,001105,"Census Tract 11.05, Utah County, UT","3,806","2,061",92
419,49049001106,49,049,001106,"Census Tract 11.06, Utah County, UT","3,430","1,443",43
420,49049001107,49,049,001107,"Census Tract 11.07, Utah County, UT","3,896","1,900",46
421,49049001108,49,049,001108,"Census Tract 11.08, Utah County, UT","3,477","1,897",34
422,49049001201,49,049,001201,"Census Tract 12.01, Utah County, UT","4,766","2,380",143
423,49049001202,49,049,001202,"Census Tract 12.02, Utah County, UT","5,322","3,034",127
424,49049001300,49,049,001300,"Census Tract 13, Utah County, UT","4,005","2,251",36
425,49049001401,49,049,001401,"Census Tract 14.01, Utah County, UT","4,053","1,532",42
426,49049001402,49,049,001402,"Census Tract 14.02, Utah County, UT","7,679","4,027",141
427,49049001501,49,049,001501,"Census Tract 15.01, Utah County, UT","4,304","2,574",68
428,49049001503,49,049,001503,"Census Tract 15.03, Utah County, UT","4,203","1,470",134
429,49049001504,49,049,001504,"Census Tract 15.04, Utah County, UT","5,044","2,714",45
430,49049001601,49,049,001601,"Census Tract 16.01, Utah County, UT","7,129","2,009",89
431,49049001602,49,049,001602,"Census Tract 16.02, Utah County, UT","3,973","1,677",119
432,49049001603,49,049,001603,"Census Tract 16.03, Utah County, UT","4,738","2,113",90
433,49049001701,49,049,001701,"Census Tract 17.01, Utah County, UT","4,028","2,336",59
434,49049001702,49,049,001702,"Census Tract 17.02, Utah County, UT","4,994","3,076",69
435,49049001801,49,049,001801,"Census Tract 18.01, Utah County, UT","6,620","5,137",175
436,49049001802,49,049,001802,"Census Tract 18.02, Utah County, UT","6,988","4,800",99
437,49049001803,49,049,001803,"Census Tract 18.03, Utah County, UT","2,306","1,496",42
438,49049001900,49,049,001900,"Census Tract 19, Utah County, UT","4,874","3,442",85
439,49049002000,49,049,002000,"Census Tract 20, Utah County, UT","6,569","4,095",119
440,49049002101,49,049,002101,"Census Tract 21.01, Utah County, UT","4,273","2,028",40
441,49049002102,49,049,002102,"Census Tract 21.02, Utah County, UT","3,467","1,472",74
442,49049002201,49,049,002201,"Census Tract 22.01, Utah County, UT","5,470","5,098",131
443,49049002204,49,049,002204,"Census Tract 22.04, Utah County, UT","4,048","1,995",114
444,49049002205,49,049,002205,"Census Tract 22.05, Utah County, UT","4,808","2,176",114
445,49049002206,49,049,002206,"Census Tract 22.06, Utah County, UT","3,753","1,886",102
446,49049002207,49,049,002207,"Census Tract 22.07, Utah County, UT","3,883","1,803",84
447,49049002300,49,049,002300,"Census Tract 23, Utah County, UT","3,956","2,437",69
448,49049002400,49,049,002400,"Census Tract 24, Utah County, UT","1,252",621,36
449,49049002500,49,049,002500,"Census Tract 25, Utah County, UT","4,757","3,004",78
450,49049002701,49,049,002701,"Census Tract 27.01, Utah County, UT","3,665","1,490",60
451,49049002702,49,049,002702,"Census Tract 27.02, Utah County, UT","5,096","3,328",61
452,49049002801,49,049,002801,"Census Tract 28.01, Utah County, UT","3,836","2,059",159
453,49049002802,49,049,002802,"Census Tract 28.02, Utah County, UT","1,665",969,31
454,49049002901,49,049,002901,"Census Tract 29.01, Utah County, UT","5,455","2,613",28
455,49049002902,49,049,002902,"Census Tract 29.02, Utah County, UT","3,980","1,783",68
456,49049003001,49,049,003001,"Census Tract 30.01, Utah County, UT","4,688","2,472",37
457,49049003002,49,049,003002,"Census Tract 30.02, Utah County, UT","2,468","1,024",28
458,49049003103,49,049,003103,"Census Tract 31.03, Utah County, UT","3,145","1,343",49
459,49049003104,49,049,003104,"Census Tract 31.04, Utah County, UT","4,422","1,796",39
460,49049003105,49,049,003105,"Census Tract 31.05, Utah County, UT","3,948","2,370",45
461,49049003106,49,049,003106,"Census Tract 31.06, Utah County, UT","2,913","1,367",34
462,49049003201,49,049,003201,"Census Tract 32.01, Utah County, UT","2,917","1,392",47
463,49049003203,49,049,003203,"Census Tract 32.03, Utah County, UT","4,683","2,083",85
464,49049003204,49,049,003204,"Census Tract 32.04, Utah County, UT","2,943","1,481",23
465,49049003205,49,049,003205,"Census Tract 32.05, Utah County, UT","4,621","2,122",50
466,49049003300,49,049,003300,"Census Tract 33, Utah County, UT","6,670","3,544",48
467,49049003401,49,049,003401,"Census Tract 34.01, Utah County, UT","4,195","1,850",32
468,49049003402,49,049,003402,"Census Tract 34.02, Utah County, UT","6,699","3,262",52
469,49049003403,49,049,003403,"Census Tract 34.03, Utah County, UT","5,724","2,363",95
470,49049010103,49,049,010103,"Census Tract 101.03, Utah County, UT","7,283","2,912",52
471,49049010104,49,049,010104,"Census Tract 101.04, Utah County, UT","7,503","3,607",57
472,49049010105,49,049,010105,"Census Tract 101.05, Utah County, UT","8,128","4,638",61
473,49049010106,49,049,010106,"Census Tract 101.06, Utah County, UT","4,522","2,225",9
474,49049010107,49,049,010107,"Census Tract 101.07, Utah County, UT","2,853","1,183",17
475,49049010108,49,049,010108,"Census Tract 101.08, Utah County, UT","7,565","3,502",74
476,49049010109,49,049,010109,"Census Tract 101.09, Utah County, UT","7,864","3,733",181
477,49049010110,49,049,010110,"Census Tract 101.10, Utah County, UT","1,484",849,11
478,49049010111,49,049,010111,"Census Tract 101.11, Utah County, UT","7,489","3,379",34
479,49049010112,49,049,010112,"Census Tract 101.12, Utah County, UT","5,531","2,970",37
480,49049010113,49,049,010113,"Census Tract 101.13, Utah County, UT","5,291","2,829",19
481,49049010208,49,049,010208,"Census Tract 102.08, Utah County, UT","4,210","2,056",19
482,49049010209,49,049,010209,"Census Tract 102.09, Utah County, UT","6,162","2,416",63
483,49049010210,49,049,010210,"Census Tract 102.10, Utah County, UT","6,599","2,711",141
484,49049010211,49,049,010211,"Census Tract 102.11, Utah County, UT","3,488","1,547",31
485,49049010212,49,049,010212,"Census Tract 102.12, Utah County, UT","4,284","1,904",22
486,49049010213,49,049,010213,"Census Tract 102.13, Utah County, UT","2,874","1,110",30
487,49049010214,49,049,010214,"Census Tract 102.14, Utah County, UT","6,453","3,352",106
488,49049010215,49,049,010215,"Census Tract 102.15, Utah County, UT","7,743","3,521",102
489,49049010216,49,049,010216,"Census Tract 102.16, Utah County, UT","3,155","1,263",28
490,49049010217,49,049,010217,"Census Tract 102.17, Utah County, UT","4,452","2,113",70
491,49049010218,49,049,010218,"Census Tract 102.18, Utah County, UT","6,160","2,446",46
492,49049010219,49,049,010219,"Census Tract 102.19, Utah County, UT","4,941","2,240",58
493,49049010220,49,049,010220,"Census Tract 102.20, Utah County, UT","6,765","2,898",73
494,49049010303,49,049,010303,"Census Tract 103.03, Utah County, UT","4,643","2,289",91
495,49049010304,49,049,010304,"Census Tract 103.04, Utah County, UT","7,016","3,707",208
496,49049010305,49,049,010305,"Census Tract 103.05, Utah County, UT","3,260","1,259",46
497,49049010404,49,049,010404,"Census Tract 104.04, Utah County, UT","5,141","1,755",11
498,49049010405,49,049,010405,"Census Tract 104.05, Utah County, UT","4,368","1,986",79
499,49049010406,49,049,010406,"Census Tract 104.06, Utah County, UT","2,133","1,154",14
500,49049010407,49,049,010407,"Census Tract 104.07, Utah County, UT","2,904","1,092",8
501,49049010408,49,049,010408,"Census Tract 104.08, Utah County, UT","4,081","1,718",53
502,49049010409,49,049,010409,"Census Tract 104.09, Utah County, UT","2,859","1,278",43
503,49049010410,49,049,010410,"Census Tract 104.10, Utah County, UT","3,427","1,533",49
504,49049010411,49,049,010411,"Census Tract 104.11, Utah County, UT","4,783","2,270",95
505,49049010503,49,049,010503,"Census Tract 105.03, Utah County, UT","3,336","1,206",38
506,49049010504,49,049,010504,"Census Tract 105.04, Utah County, UT","3,266","1,516",61
507,49049010505,49,049,010505,"Census Tract 105.05, Utah County, UT","4,434","1,636",85
508,49049010506,49,049,010506,"Census Tract 105.06, Utah County, UT","2,047",978,19
509,49049010600,49,049,010600,"Census Tract 106, Utah County, UT","3,778","1,811",97
510,49049010700,49,049,010700,"Census Tract 107, Utah County, UT","5,365","2,236",44
511,49049010900,49,049,010900,"Census Tract 109, Utah County, UT","1,186",582,11
512,49049980100,49,049,980100,"Census Tract 9801, Utah County, UT",0,0,0
513,49051940500,49,051,940500,"Census Tract 9405, Wasatch County, UT","10,669","5,307",175
514,49051960100,49,051,960100,"Census Tract 9601, Wasatch County, UT","4,874","2,311",39
515,49051960200,49,051,960200,"Census Tract 9602, Wasatch County, UT","7,290","3,112",154
516,49051960400,49,051,960400,"Census Tract 9604, Wasatch County, UT","6,611","2,835",78
517,49053270100,49,053,270100,"Census Tract 2701, Washington County, UT","9,731","3,662",213
518,49053270200,49,053,270200,"Census Tract 2702, Washington County, UT","3,433","1,394",38
519,49053270300,49,053,270300,"Census Tract 2703, Washington County, UT","9,534","3,356",114
520,49053270400,49,053,270400,"Census Tract 2704, Washington County, UT","7,240","3,185",54
521,49053270500,49,053,270500,"Census Tract 2705, Washington County, UT","8,304","3,400",150
522,49053270600,49,053,270600,"Census Tract 2706, Washington County, UT","9,034","3,154",85
523,49053270700,49,053,270700,"Census Tract 2707, Washington County, UT","11,357","5,057",370
524,49053270801,49,053,270801,"Census Tract 2708.01, Washington County, UT","15,891","7,892",204
525,49053270802,49,053,270802,"Census Tract 2708.02, Washington County, UT","5,646","3,304",52
526,49053270901,49,053,270901,"Census Tract 2709.01, Washington County, UT","4,345","1,476",66
527,49053270902,49,053,270902,"Census Tract 2709.02, Washington County, UT","11,449","5,012",130
528,49053271000,49,053,271000,"Census Tract 2710, Washington County, UT","4,767","1,762",122
529,49053271100,49,053,271100,"Census Tract 2711, Washington County, UT","11,822","4,446",103
530,49053271200,49,053,271200,"Census Tract 2712, Washington County, UT","3,623","2,020",75
531,49053271300,49,053,271300,"Census Tract 2713, Washington County, UT","4,345","1,900",112
532,49053271400,49,053,271400,"Census Tract 2714, Washington County, UT","4,476","2,060",29
533,49053271500,49,053,271500,"Census Tract 2715, Washington County, UT","7,120","3,133",131
534,49053271600,49,053,271600,"Census Tract 2716, Washington County, UT","6,406","2,618",103
535,49053271701,49,053,271701,"Census Tract 2717.01, Washington County, UT","9,340","4,235",40
536,49053271702,49,053,271702,"Census Tract 2717.02, Washington County, UT","6,154","2,866",146
537,49053271800,49,053,271800,"Census Tract 2718, Washington County, UT","3,463","1,447",73
538,49055979100,49,055,979100,"Census Tract 9791, Wayne County, UT","2,821","1,262",108
539,49057200100,49,057,200100,"Census Tract 2001, Weber County, UT","4,485","2,314",61
540,49057200202,49,057,200202,"Census Tract 2002.02, Weber County, UT","3,913","1,609",96
541,49057200203,49,057,200203,"Census Tract 2002.03, Weber County, UT","5,201","2,430",66
542,49057200204,49,057,200204,"Census Tract 2002.04, Weber County, UT","4,628","2,314",105
543,49057200300,49,057,200300,"Census Tract 2003, Weber County, UT","6,832","3,231",304
544,49057200400,49,057,200400,"Census Tract 2004, Weber County, UT","1,972",961,16
545,49057200500,49,057,200500,"Census Tract 2005, Weber County, UT","6,772","3,465",124
546,49057200600,49,057,200600,"Census Tract 2006, Weber County, UT","4,308","2,180",103
547,49057200700,49,057,200700,"Census Tract 2007, Weber County, UT","3,230","1,677",74
548,49057200800,49,057,200800,"Census Tract 2008, Weber County, UT","5,055","2,445",103
549,49057200900,49,057,200900,"Census Tract 2009, Weber County, UT","4,649","1,840",95
550,49057201100,49,057,201100,"Census Tract 2011, Weber County, UT","1,739",793,147
551,49057201200,49,057,201200,"Census Tract 2012, Weber County, UT","2,346","1,025",117
552,49057201301,49,057,201301,"Census Tract 2013.01, Weber County, UT","3,089","1,201",116
553,49057201302,49,057,201302,"Census Tract 2013.02, Weber County, UT","4,002","1,680",104
554,49057201400,49,057,201400,"Census Tract 2014, Weber County, UT","3,196","1,728",37
555,49057201500,49,057,201500,"Census Tract 2015, Weber County, UT","4,247","2,076",63
556,49057201600,49,057,201600,"Census Tract 2016, Weber County, UT","4,251","2,566",68
557,49057201700,49,057,201700,"Census Tract 2017, Weber County, UT","3,352","1,774",98
558,49057201800,49,057,201800,"Census Tract 2018, Weber County, UT","2,223",889,55
559,49057201900,49,057,201900,"Census Tract 2019, Weber County, UT","1,476",440,34
560,49057202000,49,057,202000,"Census Tract 2020, Weber County, UT","5,950","2,936",33
561,49057210100,49,057,210100,"Census Tract 2101, Weber County, UT","7,642","3,141",123
562,49057210201,49,057,210201,"Census Tract 2102.01, Weber County, UT","4,741","2,422",31
563,49057210203,49,057,210203,"Census Tract 2102.03, Weber County, UT","2,753","1,418",30
564,49057210204,49,057,210204,"Census Tract 2102.04, Weber County, UT","4,560","2,173",68
565,49057210302,49,057,210302,"Census Tract 2103.02, Weber County, UT","8,628","4,360",218
566,49057210303,49,057,210303,"Census Tract 2103.03, Weber County, UT","7,341","3,423",97
567,49057210304,49,057,210304,"Census Tract 2103.04, Weber County, UT","3,715","1,926",38
568,49057210402,49,057,210402,"Census Tract 2104.02, Weber County, UT","7,024","3,453",57
569,49057210403,49,057,210403,"Census Tract 2104.03, Weber County, UT","8,018","4,327",61
570,49057210404,49,057,210404,"Census Tract 2104.04, Weber County, UT","2,222","1,206",42
571,49057210504,49,057,210504,"Census Tract 2105.04, Weber County, UT","9,005","4,805",159
572,49057210505,49,057,210505,"Census Tract 2105.05, Weber County, UT","7,640","4,096",94
573,49057210506,49,057,210506,"Census Tract 2105.06, Weber County, UT","11,435","6,369",142
574,49057210508,49,057,210508,"Census Tract 2105.08, Weber County, UT","2,315","1,297",11
575,49057210509,49,057,210509,"Census Tract 2105.09, Weber County, UT","4,794","2,377",78
576,49057210510,49,057,210510,"Census Tract 2105.10, Weber County, UT","3,705","1,822",58
577,49057210511,49,057,210511,"Census Tract 2105.11, Weber County, UT","4,225","2,132",148
578,49057210512,49,057,210512,"Census Tract 2105.12, Weber County, UT","4,785","2,200",54
579,49057210600,49,057,210600,"Census Tract 2106, Weber County, UT","7,066","2,963",122
580,49057210701,49,057,210701,"Census Tract 2107.01, Weber County, UT","5,485","2,565",188
581,49057210703,49,057,210703,"Census Tract 2107.03, Weber County, UT","2,629","1,322",21
582,49057210704,49,057,210704,"Census Tract 2107.04, Weber County, UT","6,367","2,829",77
583,49057210800,49,057,210800,"Census Tract 2108, Weber County, UT","3,295","1,469",57
584,49057210900,49,057,210900,"Census Tract 2109, Weber County, UT","6,813","3,638",77
585,49057211000,49,057,211000,"Census Tract 2110, Weber County, UT","3,353","1,637",79
586,49057211100,49,057,211100,"Census Tract 2111, Weber County, UT","6,381","2,906",148
587,49057211201,49,057,211201,"Census Tract 2112.01, Weber County, UT","4,670","2,277",77
588,49057211202,49,057,211202,"Census Tract 2112.02, Weber County, UT","7,159","3,734",60
